{
  "dataloader_name": "icenet_pretrain_ablation",
  "dataset_name": "dataset1",
  "input_data": {
    "siconca": {
      "abs": {
        "include": true,
        "max_lag": 12
      },
      "anom": {
        "include": false,
        "max_lag": 3
      },
      "linear_trend": {
        "include": true
      }
    },
    "tas": {
      "abs": {
        "include": false,
        "max_lag": 3
      },
      "anom": {
        "include": true,
        "max_lag": 3
      }
    },
    "ta500": {
      "abs": {
        "include": false,
        "max_lag": 3
      },
      "anom": {
        "include": true,
        "max_lag": 3
      }
    },
    "tos": {
      "abs": {
        "include": false,
        "max_lag": 3
      },
      "anom": {
        "include": true,
        "max_lag": 3
      }
    },
    "rsds": {
      "abs": {
        "include": false,
        "max_lag": 3
      },
      "anom": {
        "include": true,
        "max_lag": 3
      }
    },
    "rsus": {
      "abs": {
        "include": false,
        "max_lag": 3
      },
      "anom": {
        "include": true,
        "max_lag": 3
      }
    },
    "psl": {
      "abs": {
        "include": false,
        "max_lag": 3
      },
      "anom": {
        "include": true,
        "max_lag": 3
      }
    },
    "zg500": {
      "abs": {
        "include": false,
        "max_lag": 3
      },
      "anom": {
        "include": true,
        "max_lag": 3
      }
    },
    "zg250": {
      "abs": {
        "include": false,
        "max_lag": 3
      },
      "anom": {
        "include": true,
        "max_lag": 3
      }
    },
    "ua10": {
      "abs": {
        "include": true,
        "max_lag": 3
      },
      "anom": {
        "include": false,
        "max_lag": 3
      }
    },
    "uas": {
      "abs": {
        "include": true,
        "max_lag": 1
      },
      "anom": {
        "include": false,
        "max_lag": 1
      }
    },
    "vas": {
      "abs": {
        "include": true,
        "max_lag": 1
      },
      "anom": {
        "include": false,
        "max_lag": 1
      }
    },
    "land": {
      "metadata": true,
      "include": true
    },
    "circmonth": {
      "metadata": true,
      "include": true
    }
  },
  "batch_size": 2,
  "shuffle": true,
  "n_forecast_months": 6,
  "sample_IDs": {
    "obs_train_dates": [
      "1980-1-1",
      "2011-6-1"
    ],
    "obs_val_dates": [
      "2012-1-1",
      "2017-6-1"
    ],
    "obs_test_dates": [
      "2018-1-1",
      "2019-6-1"
    ]
  },
  "cmip6_run_dict": {},
  "raw_data_shape": [
    432,
    432
  ],
  "default_seed": 42,
  "loss_weight_months": true,
  "verbose_level": 0
}
